run,step,value,wall_time
events.out.tfevents.1776842137.DESKTOP-S05VJG2.2932.0,50,0.618911623954773,1776844308.331562
