run,step,value,wall_time
events.out.tfevents.1776842137.DESKTOP-S05VJG2.2932.0,50,-2.606029510498047,1776844308.333581
