run,step,value,wall_time
events.out.tfevents.1776842137.DESKTOP-S05VJG2.2932.0,50,-7.0851240158081055,1776844308.3355749
