run,step,value,wall_time
events.out.tfevents.1776842137.DESKTOP-S05VJG2.2932.0,50,0.3676407039165497,1776844308.3325603
